id,name,state,10-14,15-19,20-24,25-29,30-34,35-39,40-49,5-9,50-59,60-69,70-79,80+,latitude,longitude
1,Adilabad ,ANDHRA PRADESH ,18,17,16,14,12,12,18,15,11,9,3,1,0.343321,1.370591
2,Agra ,UTTAR PRADESH ,142,134,106,84,70,69,105,132,65,42,18,9,0.474587,1.361269
3,Ahmadabad ,GUJARAT ,82,83,87,83,74,66,110,77,76,43,19,8,0.401980,1.265899
4,Ahmadnagar ,MAHARASHTRA ,26,25,25,22,19,18,30,23,20,17,8,3,0.411741,1.273569
5,Aizawl ,MIZORAM ,10,11,11,11,9,8,12,10,8,4,2,0,0.414236,1.618236
6,Ajmer ,RAJASTHAN ,34,31,28,24,21,19,32,33,22,13,6,2,0.461982,1.302681
7,Akola ,MAHARASHTRA ,32,31,31,27,23,22,38,27,25,19,9,3,0.361462,1.343986
8,Alappuzha ,KERALA ,116,104,103,106,108,119,230,103,186,127,67,31,0.165773,1.332365
9,Aligarh ,UTTAR PRADESH ,130,120,96,74,63,60,91,123,58,41,19,9,0.486850,1.362799
10,Alirajpur ,MADHYA PRADESH ,32,22,16,14,13,13,22,35,14,7,3,1,0.389283,1.297741
11,Allahabad  ,UTTAR PRADESH ,137,126,98,83,71,68,103,134,66,50,21,10,0.444159,1.428241
12,Almora,UTTARAKHAND ,22,22,16,13,12,11,20,19,16,14,7,2,0.516587,1.390266
13,Alwar ,RAJASTHAN ,54,48,42,34,30,27,42,51,26,18,9,4,0.481164,1.337159
14,Ambala ,Hariyana ,63,70,73,67,56,52,87,60,57,42,19,8,0.529776,1.341327
15,Ambedkar Nagar ,UTTAR PRADESH ,133,125,88,69,63,62,93,126,61,57,25,11,0.461220,1.442065
16,Amravati ,MAHARASHTRA ,23,23,22,19,17,17,29,19,19,15,8,2,0.365513,1.357169
17,Amreli ,GUJARAT ,21,22,19,15,14,13,24,18,16,11,6,3,0.377006,1.243037
18,Amritsar  ,PUNJAB ,88,97,94,84,70,66,111,80,73,54,23,11,0.552273,1.306668
19,Anand   ,GUJARAT ,63,60,60,54,52,48,81,58,57,35,15,5,0.393731,1.273411
20,Anantapur ,ANDHRA PRADESH ,20,20,19,19,16,16,24,18,16,14,5,2,0.256126,1.354202
21,Anantnag ,JAMMU and KASHMIR ,37,29,26,23,20,18,28,38,17,11,5,2,0.588832,1.311526
22,Anjaw ,ARUNACHAL PRADESH ,0,0,0,0,0,0,0,0,0,0,0,0,0.489835,1.689981
23,Anugul   ,ODISHA ,21,19,18,17,15,15,23,18,15,11,5,1,0.363777,1.485294
24,Anuppur ,MADHYA PRADESH ,22,19,19,16,13,13,23,21,14,8,3,1,0.403231,1.425774
25,Araria ,BIHAR ,135,85,73,72,65,61,89,156,54,41,13,4,0.456105,1.526493
26,Ariyalur   ,TAMIL NADU ,35,33,31,32,28,30,52,33,36,28,12,4,0.194445,1.380169
27,Arwal ,BIHAR ,146,98,83,78,75,67,101,156,65,56,23,8,0.440562,1.477686
28,Ashoknagar ,MADHYA PRADESH ,22,17,16,14,12,11,17,23,10,8,3,1,0.428868,1.356744
29,Auraiya ,UTTAR PRADESH ,86,81,60,49,44,45,68,80,43,35,15,6,0.461875,1.387674
30,Aurangabad ,BIHAR ,103,71,59,57,53,48,69,109,43,37,15,6,0.432005,1.472545
31,Aurangabad ,MAHARASHTRA ,38,36,36,32,27,25,37,37,22,20,9,3,0.432005,1.472545
32,Azamgarh ,UTTAR PRADESH ,154,137,92,75,67,66,103,150,72,60,28,11,0.455280,1.451934
33,Badgam ,JAMMU and KASHMIR ,69,55,47,39,34,32,51,78,30,20,10,4,0.593683,1.304119
34,Bagalkot  ,KARNATAKA ,30,28,27,25,20,20,30,30,19,16,6,2,0.282031,1.320443
35,Bageshwar ,UTTARAKHAND ,12,12,9,8,7,7,12,12,9,8,3,1,0.520764,1.392274
36,Baghpat ,UTTAR PRADESH ,121,116,93,72,61,59,93,113,64,46,24,11,0.505130,1.347721
37,Bahraich ,UTTAR PRADESH ,86,65,52,49,45,41,57,97,35,31,12,5,0.481285,1.424176
38,Baksa ,ASSAM ,43,39,35,36,29,30,44,40,25,16,7,2,0.396639,1.540108
39,Balaghat ,MADHYA PRADESH ,19,19,17,14,13,13,22,17,14,10,3,1,0.380703,1.399589
40,Balangir ,ODISHA ,25,23,21,19,17,17,29,23,20,16,7,2,0.361289,1.457062
41,Baleshwar ,ODISHA ,63,56,55,55,47,44,71,59,46,33,16,6,0.375174,1.517044
42,Ballia ,UTTAR PRADESH ,137,122,86,76,70,68,103,139,71,58,26,11,0.492193,1.385172
43,Balrampur ,UTTAR PRADESH ,86,66,50,45,39,37,54,96,37,29,12,5,0.459076,1.449987
44,BanasKantha ,GUJARAT ,35,30,26,23,21,18,28,36,18,11,5,1,0.424224,1.252267
45,Banda ,UTTAR PRADESH ,54,40,32,29,27,26,39,53,24,21,10,3,0.444799,1.402156
46,Bandipora ,JAMMU and KASHMIR ,142,130,109,92,76,72,112,134,65,44,21,9,0.602267,1.305001
47,Bangalore ,KARNATAKA ,331,352,498,545,434,378,511,329,319,204,84,39,0.226379,1.354459
48,Bangalore Rural ,KARNATAKA ,37,40,45,43,34,34,51,33,32,25,12,5,0.221113,1.349295
49,Banka ,BIHAR ,86,57,52,51,46,43,62,96,40,33,13,4,0.434308,1.517077
50,Bankura  ,WEST BENGAL ,51,49,47,44,40,41,66,46,44,30,13,4,0.405589,1.519385
51,Banswara ,RAJASTHAN ,49,40,34,28,26,24,38,52,22,15,7,2,0.411008,1.299131
52,BaraBanki ,UTTAR PRADESH ,95,82,61,51,47,46,66,96,41,37,14,6,0.469972,1.417125
53,Baramula ,JAMMU and KASHMIR ,27,25,22,20,16,15,23,27,13,9,4,2,0.597088,1.297524
54,Baran ,RAJASTHAN ,21,19,17,13,12,11,17,19,10,8,4,1,0.438122,1.335282
55,Barddhaman  ,WEST BENGAL ,103,108,106,98,87,88,146,91,94,56,24,8,0.405518,1.533587
56,Bareilly ,UTTAR PRADESH ,146,133,96,75,67,67,96,136,57,44,14,8,0.495047,1.386257
57,Bargarh ,ODISHA ,24,25,23,21,19,19,31,19,21,16,7,2,0.372492,1.459614
58,Barmer ,RAJASTHAN ,12,8,7,6,5,4,7,12,5,3,1,0,0.449432,1.246279
59,Barnala ,PUNJAB ,37,40,40,35,30,27,48,34,32,25,12,6,0.530063,1.318477
60,Barpeta ,ASSAM ,87,68,67,63,52,49,75,95,46,28,13,6,0.459389,1.588273
61,Barwani  ,MADHYA PRADESH ,34,24,21,18,16,15,23,36,14,9,3,1,0.384575,1.307340
62,Bastar ,CHHATTISGARH ,15,13,12,11,9,9,15,15,9,5,2,0,0.335129,1.429966
63,Basti ,UTTAR PRADESH ,123,105,75,63,57,55,80,122,56,50,20,7,0.467691,1.444113
64,Bathinda ,PUNJAB ,37,41,43,38,32,29,50,33,32,26,11,5,0.527233,1.308182
65,Baudh ,ODISHA ,16,13,11,11,10,10,15,14,10,8,3,1,0.361701,1.468452
66,Begusarai ,BIHAR ,214,138,128,120,107,95,132,223,84,73,26,9,0.443611,1.503351
67,Belgaum ,KARNATAKA ,35,34,33,29,25,26,41,33,27,22,9,3,0.276900,1.300422
68,Bellary ,KARNATAKA ,30,30,29,27,21,20,30,29,19,13,5,2,0.264304,1.342629
69,Betul ,MADHYA PRADESH ,17,17,15,12,10,10,18,15,11,7,3,1,0.382354,1.359641
70,Bhadrak ,ODISHA ,64,58,56,52,44,42,70,55,46,31,18,6,0.367624,1.509800
71,Bhagalpur ,BIHAR ,155,110,95,89,80,74,107,166,69,57,20,7,0.440708,1.518258
72,Bhandara ,MAHARASHTRA ,27,27,27,24,22,21,37,23,26,19,8,2,0.369453,1.390107
73,Bharatpur ,RAJASTHAN ,65,56,47,36,32,29,46,62,29,20,10,4,0.475057,1.352670
74,Bharuch ,GUJARAT ,23,22,22,20,18,18,31,21,20,11,5,1,0.378853,1.274034
75,Bhavnagar ,GUJARAT ,31,31,27,23,20,19,31,29,20,13,7,3,0.379869,1.259169
76,Bhilwara ,RAJASTHAN ,26,23,20,17,16,15,25,26,16,11,5,1,0.442399,1.302612
77,Bhind ,MADHYA PRADESH ,45,42,35,29,26,25,38,41,25,19,9,3,0.463542,1.375077
78,Bhiwani ,Hariyana ,36,37,34,29,25,23,36,33,23,19,8,3,0.502651,1.328859
79,Bhojpur ,BIHAR ,149,112,91,85,78,71,106,156,69,57,25,9,0.405711,1.215986
80,Bhopal ,MADHYA PRADESH ,88,90,89,79,67,61,96,83,55,38,17,8,0.405623,1.351430
81,Bid ,MAHARASHTRA ,24,23,22,19,16,15,25,24,16,17,8,3,0.331468,1.322099
82,Bidar ,KARNATAKA ,35,35,30,25,20,20,31,31,20,19,8,3,0.312641,1.352815
83,Bijapur ,CHHATTISGARH ,3,2,2,2,2,2,3,4,1,0,0,0,0.293721,1.321549
84,Bijapur ,KARNATAKA ,22,20,19,17,13,14,22,22,14,11,5,1,0.293721,1.321549
85,Bijnor ,UTTAR PRADESH ,106,105,78,55,48,49,74,97,44,33,14,6,0.512798,1.363786
86,Bikaner ,RAJASTHAN ,10,8,7,6,5,4,7,10,4,2,1,0,0.488976,1.279578
87,Bilaspur ,CHHATTISGARH ,37,32,29,25,22,21,34,36,20,15,6,2,0.385112,1.433746
88,Bilaspur ,HIMACHAL PRADESH ,28,28,29,27,26,24,40,26,30,20,11,7,0.385112,1.433746
89,Birbhum ,WEST BENGAL ,82,77,72,65,56,57,95,75,62,38,13,4,0.416157,1.529509
90,Bishnupur ,MANIPUR ,51,42,42,45,37,35,53,48,38,23,11,5,0.429838,1.636420
91,Bokaro ,JHARKHAND ,86,74,65,61,53,49,73,80,50,33,10,3,0.412884,1.503512
92,Bongaigaon ,ASSAM ,77,64,63,59,47,46,74,80,44,25,12,5,0.462167,1.580491
93,Budaun ,UTTAR PRADESH ,99,80,58,47,42,41,60,99,37,29,10,4,0.489289,1.381008
94,Bulandshahar  ,UTTAR PRADESH ,98,92,74,56,48,46,71,92,47,34,15,7,0.495796,1.358735
95,Buldana ,MAHARASHTRA ,27,26,26,22,19,17,29,24,20,17,8,2,0.358341,1.329536
96,Bundi ,RAJASTHAN ,22,21,18,15,13,12,20,21,13,8,3,1,0.443851,1.320217
97,Burhanpur ,MADHYA PRADESH ,25,21,20,17,15,13,23,26,14,10,4,1,0.372018,1.330442
98,Buxar ,BIHAR ,132,97,75,72,66,61,92,139,62,54,23,8,0.446174,1.465649
99,Cachar ,ASSAM ,49,46,43,39,33,33,50,50,31,19,8,3,0.433046,1.621265
100,Central ,Delhi,2415,2630,2968,2809,2416,2171,3485,2222,2313,1375,568,239,0.500011,1.347447
101,Chamarajanagar ,KARNATAKA ,15,16,17,16,13,14,23,13,15,12,6,2,0.208169,1.342963
102,Chamba ,HIMACHAL PRADESH ,8,8,7,6,5,5,8,8,6,3,1,0,0.568224,1.328610
103,Chamoli ,UTTARAKHAND ,5,5,4,3,3,3,5,5,3,2,1,0,0.530627,1.384623
104,Champawat ,UTTARAKHAND ,18,15,12,11,9,9,15,16,10,8,3,1,0.511982,1.397887
105,Champhai ,MIZORAM ,4,3,3,3,3,2,3,4,2,1,0,0,0.411188,1.627274
106,Chandauli ,UTTAR PRADESH ,97,83,64,56,51,48,72,100,48,40,17,6,0.440821,1.453298
107,Chandel ,MANIPUR ,4,4,4,4,3,3,5,4,3,1,0,0,0.422710,1.642328
108,Chandigarh ,CHANDIGARH ,819,915,1063,966,796,733,1133,799,718,365,156,66,0.536306,1.340036
109,Chandrapur ,MAHARASHTRA ,17,18,18,16,15,14,24,14,16,11,5,1,0.348274,1.384085
110,Changlang ,ARUNACHAL PRADESH ,3,3,2,2,2,2,2,4,1,1,0,0,0.473539,1.670889
111,Chatra ,JHARKHAND ,39,26,22,21,18,16,24,41,15,11,4,1,0.422473,1.481272
112,Chennai ,TAMIL NADU ,1986,2085,2474,2713,2407,2290,3696,1841,2526,1563,758,291,0.228395,1.399104
113,Chhatarpur ,MADHYA PRADESH ,26,21,17,14,13,12,19,25,12,9,4,1,0.434652,1.389159
114,Chhindwara ,MADHYA PRADESH ,19,19,17,14,12,12,20,17,12,8,4,1,0.385071,1.377701
115,Chikkaballapura ,KARNATAKA ,28,29,27,25,21,23,37,23,24,19,8,3,0.236798,1.359000
116,Chikmagalur ,KARNATAKA ,14,14,14,14,11,13,22,11,15,10,4,1,0.232677,1.322445
117,Chirang ,ASSAM ,29,25,22,22,18,18,26,30,15,9,4,1,0.465213,1.581031
118,Chitradurga ,KARNATAKA ,18,19,18,17,14,15,25,16,16,12,5,2,0.248391,1.333421
119,Chitrakoot ,UTTAR PRADESH ,42,30,24,21,20,18,27,43,17,15,7,2,0.439455,1.411567
120,Chittaurgarh ,RAJASTHAN ,20,19,18,15,14,13,22,20,14,10,5,2,0.434232,1.302407
121,Chittoor ,ANDHRA PRADESH ,24,24,24,24,20,21,34,22,23,18,8,2,0.230406,1.380297
122,Churachandpur ,MANIPUR ,6,6,6,5,4,3,6,6,4,2,1,0,0.424700,1.634850
123,Churu ,RAJASTHAN ,18,15,14,11,10,8,14,17,8,6,3,1,0.493914,1.308388
124,Coimbatore ,TAMIL NADU ,55,54,59,66,62,63,109,48,77,49,23,9,0.192784,1.343530
125,Cuddalore ,TAMIL NADU ,63,64,63,65,54,57,94,57,62,40,18,6,0.205248,1.392193
126,Cuttack ,ODISHA ,60,62,63,61,52,51,84,52,56,40,22,8,0.357138,1.499176
127,Dadra & Nagar Haveli ,DADRA and NAGAR HAVELI ,71,67,90,81,62,51,65,73,33,19,6,2,0.353284,1.274389
128,Dahod   ,GUJARAT ,75,56,48,44,40,34,53,78,34,21,9,3,0.398682,1.295895
129,Dakshin Bastar Dantewada ,CHHATTISGARH ,7,6,6,5,4,4,7,8,4,2,0,0,0.323772,1.422018
130,Dakshin Dinajpur ,WEST BENGAL ,83,78,69,62,53,58,97,70,61,39,15,6,0.442445,1.546267
131,Dakshina Kannada ,KARNATAKA ,36,39,43,39,34,33,57,32,41,25,12,4,0.224564,1.314192
132,Daman ,DAMAN and DIU ,160,289,467,397,275,217,240,183,110,65,27,10,0.356914,1.271598
133,Damoh ,MADHYA PRADESH ,20,16,15,13,12,11,18,19,11,8,3,1,0.415884,1.386482
134,Darbhanga ,BIHAR ,232,159,135,123,114,106,159,247,104,87,30,9,0.456283,1.499301
135,Darjiling  ,WEST BENGAL ,59,59,58,56,47,46,72,51,47,27,12,4,0.471802,1.540424
136,Darrang ,ASSAM ,69,53,50,50,41,40,60,76,36,22,10,4,0.465389,1.620041
137,Datia ,MADHYA PRADESH ,32,28,25,21,20,18,28,29,17,13,6,2,0.454315,1.364038
138,Dausa ,RAJASTHAN ,61,54,44,35,31,29,44,57,27,20,9,3,0.469428,1.332193
139,Davanagere ,KARNATAKA ,31,33,32,30,24,25,40,27,26,19,8,3,0.252339,1.325016
140,Debagarh ,ODISHA ,11,10,9,9,7,7,12,10,8,6,2,0,0.375903,1.478882
141,Dehradun ,UTTARAKHAND ,54,56,56,50,42,39,62,50,41,29,12,5,0.529004,1.362131
142,Deoghar ,JHARKHAND ,74,53,51,48,42,37,56,78,37,29,11,3,0.427528,1.513044
143,Deoria ,UTTAR PRADESH ,160,143,99,85,76,73,111,158,78,66,31,13,0.457006,1.483705
144,Dewas ,MADHYA PRADESH ,26,22,20,17,16,14,24,25,14,10,5,2,0.400674,1.327218
145,Dhalai ,TRIPURA ,17,15,15,14,11,11,16,17,9,6,3,1,0.416863,1.604663
146,Dhamtari  ,CHHATTISGARH ,21,20,18,15,14,14,23,18,14,10,4,1,0.361382,1.423272
147,Dhanbad ,JHARKHAND ,156,142,122,111,93,87,137,144,94,55,18,6,0.415542,1.508516
148,Dhar ,MADHYA PRADESH ,33,26,23,21,19,18,27,33,16,10,4,2,0.394375,1.314345
149,Dharmapuri ,TAMIL NADU ,32,31,30,30,25,27,44,28,28,19,8,3,0.211880,1.364117
150,Dharwad ,KARNATAKA ,40,41,43,39,32,33,52,37,34,25,10,3,0.269694,1.309014
151,Dhaulpur ,RAJASTHAN ,55,45,36,28,25,22,34,53,21,15,7,2,0.466099,1.359443
152,Dhemaji ,ASSAM ,25,21,19,19,16,14,21,25,12,8,3,1,0.479675,1.650791
153,Dhenkanal ,ODISHA ,26,25,24,23,20,20,32,23,22,16,7,2,0.360555,1.493825
154,Dhubri ,ASSAM ,106,85,82,75,61,56,84,122,50,30,14,6,0.454149,1.570488
155,Dhule ,MAHARASHTRA ,30,27,25,23,20,19,31,29,21,16,7,2,0.364650,1.305023
156,Dibang Valley ,ARUNACHAL PRADESH ,0,0,0,0,0,0,0,0,0,0,0,0,0.506346,1.672633
157,Dibrugarh ,ASSAM ,40,38,38,37,31,30,47,38,28,16,6,2,0.479389,1.656551
158,Dima Hasao ,ASSAM ,5,4,4,4,3,3,4,4,2,1,0,0,0.442577,1.623882
159,Dimapur  ,NAGALAND ,46,45,46,42,34,29,42,43,21,10,4,2,0.452190,1.635748
160,Dindigul ,TAMIL NADU ,31,30,30,32,28,29,49,26,34,24,10,3,0.180952,1.360925
161,Dindori  ,MADHYA PRADESH ,10,8,8,7,6,6,10,10,6,4,1,0,0.352710,1.288536
162,Diu ,DAMAN and DIU ,148,140,125,117,106,99,151,135,95,59,30,9,0.361487,1.238311
163,Doda ,JAMMU and KASHMIR ,5,4,4,3,3,2,4,5,2,1,0,0,0.578555,1.318528
164,Dumka ,JHARKHAND ,40,30,29,29,25,23,37,43,24,19,6,1,0.423553,1.522774
165,Dungarpur ,RAJASTHAN ,46,37,29,25,24,22,37,47,22,17,8,3,0.416347,1.286547
166,Durg ,CHHATTISGARH ,41,40,37,31,28,28,47,37,29,20,9,2,0.369931,1.418741
167,East ,Delhi,2486,2548,2780,2774,2403,2170,3317,2342,2089,1311,563,196,0.499606,1.349037
168,East District ,SIKKIM ,29,31,33,33,27,22,33,25,20,10,5,2,0.476249,1.547724
169,East Garo Hills ,MEGHALAYA ,15,13,11,10,7,7,11,16,6,3,1,0,0.448729,1.581867
170,East Godavari ,ANDHRA PRADESH ,43,45,47,44,37,37,60,38,39,32,12,3,0.296216,1.435373
171,East Kameng ,ARUNACHAL PRADESH ,2,2,1,1,1,1,1,2,1,0,0,0,0.479196,1.624069
172,East Khasi Hills ,MEGHALAYA ,35,32,31,27,21,19,28,34,16,9,4,1,0.499606,1.349037
173,East Siang ,ARUNACHAL PRADESH ,3,3,2,2,2,1,3,2,1,1,0,0,0.488589,1.660420
174,Ernakulam ,KERALA ,82,74,77,77,78,85,170,73,132,82,44,20,0.173945,1.331685
175,Erode ,TAMIL NADU ,30,30,31,33,31,32,58,25,43,30,14,5,0.198217,1.355863
176,Etah ,UTTAR PRADESH ,98,86,64,50,45,44,67,95,43,32,14,7,0.481038,1.372768
177,Etawah ,UTTAR PRADESH ,85,80,63,50,44,43,67,77,44,35,16,7,0.467458,1.379194
178,Faizabad ,UTTAR PRADESH ,135,124,91,75,67,66,98,129,66,56,24,10,0.467252,1.433779
179,Faridabad ,Hariyana ,261,250,247,229,197,183,268,253,159,97,37,16,0.495987,1.349271
180,Faridkot ,PUNJAB ,39,42,42,37,32,29,50,36,33,27,11,5,0.535368,1.304789
181,Farrukhabad ,UTTAR PRADESH ,113,103,79,63,55,53,79,108,51,40,15,6,0.477877,1.389397
182,Fatehabad ,Hariyana ,39,41,37,31,27,25,40,35,24,21,8,4,0.515095,1.316867
183,Fatehgarh Sahib ,PUNJAB ,44,50,51,46,39,37,64,40,40,31,14,6,0.534139,1.333510
184,Fatehpur ,UTTAR PRADESH ,82,72,52,43,40,40,64,78,41,33,14,5,0.452651,1.410400
185,Firozabad ,UTTAR PRADESH ,140,126,96,74,64,64,96,130,60,41,19,9,0.473953,1.368330
186,Firozpur ,PUNJAB ,38,41,38,33,28,26,44,35,26,22,9,4,0.539831,1.302249
187,Gadag ,KARNATAKA ,22,23,22,20,16,16,26,20,17,14,5,1,0.269245,1.320134
188,Gadchiroli ,MAHARASHTRA ,8,8,7,6,5,5,9,6,5,4,1,0,0.343555,1.398638
189,Gajapati ,ODISHA ,15,12,11,10,9,9,15,16,9,7,2,0,0.335456,1.469346
190,Ganderbal ,JAMMU and KASHMIR ,142,123,107,97,78,72,107,143,61,43,21,11,0.597425,1.305128
191,Gandhinagar ,GUJARAT ,62,62,63,58,52,48,81,58,53,32,14,5,0.405529,1.267910
192,Ganganagar  ,RAJASTHAN ,19,18,17,15,13,12,19,18,11,8,3,1,0.522036,1.289389
193,Ganjam ,ODISHA ,47,42,38,35,31,30,50,41,33,25,12,4,0.337031,1.479957
194,Garhwa  ,JHARKHAND ,46,29,24,23,21,19,28,46,17,16,6,2,0.421622,1.462481
195,Garhwal ,UTTARAKHAND ,14,13,10,8,8,8,13,12,11,9,5,2,0.520653,1.374928
196,Gautam Buddha Nagar ,UTTAR PRADESH ,140,132,128,115,99,90,124,142,69,45,21,11,0.497551,1.353202
197,Gaya ,BIHAR ,115,82,70,66,59,52,76,124,47,38,15,6,0.432758,1.483454
198,Ghaziabad ,UTTAR PRADESH ,453,437,394,335,289,275,401,434,235,147,59,32,0.500665,1.351448
199,Ghazipur ,UTTAR PRADESH ,136,119,85,72,66,63,98,141,70,57,25,11,0.446593,1.458572
200,Giridih ,JHARKHAND ,63,45,41,38,33,29,45,69,29,22,8,2,0.422140,1.506259
201,Goalpara ,ASSAM ,64,56,51,48,38,37,56,68,32,19,8,3,0.456723,1.581525
202,Godda ,JHARKHAND ,72,49,44,44,41,38,56,79,37,29,10,3,0.433262,1.522109
203,Golaghat ,ASSAM ,33,30,29,29,24,23,34,30,21,13,5,2,0.462682,1.640151
204,Gonda ,UTTAR PRADESH ,113,93,71,63,55,52,75,119,50,40,17,7,0.473603,1.430432
205,Gondiya ,MAHARASHTRA ,25,25,23,20,19,18,32,20,22,15,6,1,0.374531,1.399672
206,Gopalganj ,BIHAR ,177,127,90,85,79,75,112,182,78,67,27,9,0.460999,1.474115
207,Gorakhpur ,UTTAR PRADESH ,169,156,117,101,88,84,125,162,86,67,31,13,0.466850,1.455071
208,Gulbarga ,KARNATAKA ,26,26,22,19,15,15,24,24,15,12,5,2,0.302656,1.340968
209,Gumla ,JHARKHAND ,25,18,14,13,11,11,19,25,13,10,3,1,0.402223,1.475704
210,Guna ,MADHYA PRADESH ,24,19,17,15,13,12,18,25,11,8,4,1,0.430163,1.349359
211,Guntur ,ANDHRA PRADESH ,39,40,42,40,33,33,53,34,36,28,12,4,0.284531,1.404016
212,Gurdaspur ,PUNJAB ,60,67,64,57,48,46,77,55,49,41,18,9,0.559211,1.316069
213,Gurgaon ,Hariyana ,111,108,122,126,113,97,129,113,76,55,24,11,0.496715,1.344984
214,Gwalior ,MADHYA PRADESH ,49,49,45,38,33,31,49,44,30,20,9,4,0.457618,1.364616
215,Hailakandi ,ASSAM ,58,51,44,40,34,33,49,62,30,20,8,3,0.430765,1.615570
216,Hamirpur ,HIMACHAL PRADESH ,35,36,33,30,30,30,50,33,39,29,16,10,0.452983,1.398923
217,Hamirpur ,UTTAR PRADESH ,34,29,23,19,18,17,28,31,18,15,7,3,0.452983,1.398923
218,Hanumangarh ,RAJASTHAN ,21,19,18,15,13,12,20,18,11,7,3,1,0.517016,1.296645
219,Haora  ,WEST BENGAL ,301,322,320,298,272,270,427,271,276,172,84,34,0.394717,1.541091
220,Harda  ,MADHYA PRADESH ,20,18,16,13,12,11,18,19,11,7,4,1,0.389997,1.345562
221,Hardoi ,UTTAR PRADESH ,91,76,56,48,44,43,62,88,39,35,13,5,0.478105,1.398629
222,Hardwar ,UTTARAKHAND ,94,95,82,64,54,52,77,91,46,35,14,6,0.522503,1.363121
223,Hassan ,KARNATAKA ,22,22,24,23,19,21,35,18,24,18,8,3,0.227142,1.328238
224,Haveri ,KARNATAKA ,32,34,33,29,23,24,40,29,26,19,7,2,0.258236,1.316001
225,Hazaribagh ,JHARKHAND ,64,50,42,38,33,30,47,62,29,22,9,3,0.418561,1.489796
226,Hingoli ,MAHARASHTRA ,27,24,22,19,17,16,24,25,16,15,7,2,0.344277,1.346501
227,Hisar ,Hariyana ,46,47,44,38,33,31,50,41,29,23,9,4,0.508642,1.321747
228,Hoshangabad ,MADHYA PRADESH ,20,19,17,15,13,12,20,18,13,9,4,1,0.396949,1.356813
229,Hoshiarpur ,PUNJAB ,42,47,44,38,33,32,58,39,42,30,15,8,0.550223,1.324930
230,Hugli  ,WEST BENGAL ,152,161,160,154,142,148,245,131,164,102,50,19,0.399208,1.538872
231,Hyderabad ,ANDHRA PRADESH ,1739,1750,1911,1828,1532,1346,2043,1629,1270,750,315,164,0.304425,1.369394
232,Idukki  ,KERALA ,21,18,18,19,19,21,40,18,30,16,8,4,0.172102,1.343229
233,Imphal East ,MANIPUR ,65,58,60,62,51,47,75,62,49,28,13,6,0.432938,1.639059
234,Imphal West ,MANIPUR ,95,83,91,96,84,77,123,87,85,49,24,12,0.430078,1.625851
235,Indore ,MADHYA PRADESH ,83,80,83,78,69,62,97,80,60,39,18,8,0.396621,1.324120
236,Jabalpur ,MADHYA PRADESH ,46,47,47,41,37,35,58,43,36,23,10,4,0.404380,1.395153
237,Jagatsinghapur  ,ODISHA ,61,60,63,63,53,50,86,51,61,44,27,10,0.353529,1.503970
238,Jaintia Hills ,MEGHALAYA ,14,11,9,8,5,5,7,15,4,2,1,0,0.441933,1.612248
239,Jaipur ,RAJASTHAN ,69,65,59,51,44,40,62,64,38,24,11,4,0.469577,1.322206
240,Jaisalmer ,RAJASTHAN ,2,1,1,1,1,0,1,2,0,0,0,0,0.469768,1.237739
241,Jajapur   ,ODISHA ,62,60,61,56,46,45,73,55,50,36,19,7,0.363830,1.506757
242,Jalandhar ,PUNJAB ,73,81,83,75,65,62,107,67,73,50,23,11,0.546692,1.319206
243,Jalaun  ,UTTAR PRADESH ,42,40,33,28,25,25,39,39,25,20,10,4,0.456294,1.384660
244,Jalgaon ,MAHARASHTRA ,35,34,34,30,26,24,40,33,27,22,11,3,0.366579,1.318773
245,Jalna ,MAHARASHTRA ,26,24,23,20,17,16,24,26,16,16,7,3,0.346300,1.324483
246,Jalor ,RAJASTHAN ,23,17,14,11,10,9,15,22,10,7,3,1,0.442440,1.267564
247,Jalpaiguri  ,WEST BENGAL ,65,67,65,55,41,45,79,57,49,27,11,4,0.463062,1.548340
248,Jammu ,JAMMU and KASHMIR ,58,61,62,61,52,50,83,54,56,34,18,9,0.570757,1.306761
249,Jamnagar ,GUJARAT ,15,15,14,13,11,10,17,14,11,7,3,1,0.392122,1.222746
250,Jamtara ,JHARKHAND ,50,38,36,36,31,29,44,53,30,23,7,2,0.418236,1.515020
251,Jamui ,BIHAR ,73,51,46,44,39,35,51,81,33,26,9,3,0.435143,1.504938
252,Janjgir - Champa ,CHHATTISGARH ,49,47,39,32,28,27,43,44,27,25,11,3,0.384118,1.441341
253,Jashpur  ,CHHATTISGARH ,15,13,12,11,9,9,17,15,11,8,3,1,0.399335,1.468431
254,Jaunpur ,UTTAR PRADESH ,148,130,92,75,67,64,97,143,70,60,27,12,0.449678,1.443125
255,Jehanabad  ,BIHAR ,161,108,94,90,85,75,112,172,70,61,25,9,0.440092,1.483362
256,Jhabua ,MADHYA PRADESH ,38,25,21,19,17,16,27,43,16,10,4,1,0.397428,1.301927
257,Jhajjar ,Hariyana ,51,54,53,46,39,36,57,48,37,30,13,6,0.499253,1.337918
258,Jhalawar ,RAJASTHAN ,26,22,21,17,16,15,24,25,14,11,5,2,0.429238,1.329314
259,Jhansi ,UTTAR PRADESH ,43,41,38,34,30,28,43,40,27,20,9,3,0.444140,1.371138
260,Jharsuguda ,ODISHA ,26,27,28,25,21,20,33,22,21,15,6,2,0.381593,1.466304
261,Jhunjhunun ,RAJASTHAN ,43,41,35,27,24,22,37,37,25,17,9,3,0.490847,1.315838
262,Jind ,Hariyana ,53,55,49,41,35,34,54,47,33,28,11,5,0.511552,1.332198
263,Jodhpur ,RAJASTHAN ,20,16,14,13,11,9,15,20,10,6,3,1,0.458065,1.274115
264,Jorhat ,ASSAM ,38,36,35,36,31,31,47,34,29,19,8,2,0.466846,1.644036
265,Junagadh ,GUJARAT ,33,32,28,25,23,22,38,29,24,15,7,3,0.375585,1.229680
266,Jyotiba Phule Nagar ,UTTAR PRADESH ,113,102,75,58,51,50,71,104,43,33,13,6,0.503984,1.366316
267,Kabirdham ,CHHATTISGARH ,22,18,17,14,13,12,20,24,11,8,3,1,0.385446,1.418131
268,Kachchh ,GUJARAT ,4,4,4,4,3,3,4,5,3,1,0,0,0.410433,1.215081
269,Kaimur ,BIHAR ,65,45,35,34,31,29,44,71,29,24,10,4,0.436790,1.458709
270,Kaithal ,Hariyana ,48,49,47,39,33,31,49,43,30,28,11,5,0.520120,1.333557
271,Kalahandi ,ODISHA ,22,17,15,15,14,14,23,21,15,12,4,1,0.346773,1.450362
272,Kamrup ,ASSAM ,52,47,46,46,37,37,56,50,33,21,9,3,0.453795,1.593296
273,Kamrup Metropolitan ,ASSAM ,114,117,130,134,119,118,182,102,108,58,23,8,0.455932,1.605138
274,Kancheepuram ,TAMIL NADU ,70,77,87,92,78,74,115,65,78,49,23,8,0.223920,1.391097
275,Kandhamal ,ODISHA ,10,8,7,7,5,5,10,11,6,5,1,0,0.352762,1.467840
276,Kangra ,HIMACHAL PRADESH ,23,23,23,21,20,19,32,21,24,17,9,4,0.560278,1.331219
277,Kanker (Uttar Bastar Kanker) ,CHHATTISGARH ,11,10,10,8,7,7,12,10,7,4,2,0,0.353828,1.422312
278,Kannauj ,UTTAR PRADESH ,105,97,71,56,50,49,72,98,45,40,15,6,0.472198,1.394872
279,Kanniyakumari ,TAMIL NADU ,90,87,92,98,91,87,151,80,117,81,38,14,0.141097,1.353496
280,Kannur ,KERALA ,70,66,67,66,65,65,118,64,91,61,31,13,0.207118,1.315385
281,Kanpur Dehat ,UTTAR PRADESH ,74,71,52,43,39,39,58,66,37,33,14,6,0.461411,1.393856
282,Kanpur Nagar ,UTTAR PRADESH ,153,167,147,123,107,106,168,134,108,76,31,15,0.458991,1.401930
283,Kanshiram Nagar ,UTTAR PRADESH ,102,86,62,49,44,43,66,97,42,32,13,5,0.368592,1.380728
284,Kapurthala  ,PUNJAB ,46,50,48,41,36,35,64,41,43,30,14,7,0.547637,1.315804
285,Karaikal ,PUDUCHERRY ,111,109,110,116,105,103,173,103,114,74,36,13,0.190807,1.393404
286,Karauli ,RAJASTHAN ,34,29,24,19,16,15,23,32,15,11,5,2,0.462455,1.344260
287,Karbi Anglong ,ASSAM ,11,10,8,8,6,6,9,11,5,2,1,0,0.457015,1.631217
288,Kargil ,JAMMU and KASHMIR ,1,0,1,1,0,0,1,1,0,0,0,0,0.603145,1.328653
289,Karimganj ,ASSAM ,77,68,62,55,45,44,67,84,42,28,13,5,0.434052,1.611893
290,Karimnagar ,ANDHRA PRADESH ,31,31,30,27,23,24,38,24,25,22,10,3,0.321885,1.381026
291,Karnal ,Hariyana ,60,62,62,53,44,41,64,56,40,32,13,6,0.518112,1.343707
292,Karur  ,TAMIL NADU ,30,28,29,31,29,29,51,26,37,28,13,4,0.191073,1.363016
293,Kasaragod ,KERALA ,61,57,59,57,51,50,84,55,59,38,18,7,0.218562,1.309216
294,Kathua ,JAMMU and KASHMIR ,26,24,22,20,19,17,27,25,17,11,6,3,0.565037,1.318129
295,Katihar ,BIHAR ,137,91,79,73,64,61,90,152,56,39,14,4,0.445667,1.528421
296,Katni  ,MADHYA PRADESH ,30,26,23,20,18,17,29,30,17,12,5,2,0.416096,1.403585
297,Kaushambi ,UTTAR PRADESH ,124,100,69,61,57,53,78,125,49,43,17,7,0.444569,1.421545
298,Kendrapara  ,ODISHA ,55,51,49,46,39,38,64,46,45,35,21,7,0.358052,1.508257
299,Kendujhar ,ODISHA ,22,19,19,18,15,15,25,23,16,11,4,1,0.375481,1.495124
300,Khagaria ,BIHAR ,155,96,88,82,75,68,95,172,59,49,16,5,0.445234,1.509313
301,Khammam ,ANDHRA PRADESH ,17,17,17,16,13,13,20,14,12,10,4,1,0.301151,1.398889
302,Khandwa ,MADHYA PRADESH ,21,18,15,13,12,11,18,21,11,8,3,1,0.380966,1.332532
303,Khargone ,MADHYA PRADESH ,28,23,20,17,16,15,24,28,14,10,4,2,0.380805,1.319695
304,Kheda ,GUJARAT ,59,53,51,46,45,42,71,54,49,30,13,4,0.397087,1.268607
305,Kheri ,UTTAR PRADESH ,70,57,42,38,35,34,46,70,28,24,9,4,0.487031,1.410175
306,Khordha  ,ODISHA ,72,75,79,74,66,64,101,66,66,42,21,8,0.352171,1.494292
307,Khunti ,JHARKHAND ,26,20,17,15,13,13,22,25,14,11,3,0,0.402650,1.488457
308,Kinnaur ,HIMACHAL PRADESH ,1,0,1,1,1,1,1,1,1,0,0,0,0.551930,1.368595
309,Kiphire ,NAGALAND ,9,7,6,5,4,3,5,9,2,1,0,0,0.452005,1.653346
310,Kishanganj ,BIHAR ,125,87,66,62,54,53,83,138,49,34,11,3,0.455599,1.535027
311,Kishtwar ,JAMMU and KASHMIR ,17,13,12,11,10,8,13,17,8,6,3,1,0.581430,1.322388
312,Koch Bihar  ,WEST BENGAL ,88,87,82,71,55,60,104,78,68,39,16,7,0.459534,1.561304
313,Kodagu ,KARNATAKA ,12,11,11,11,10,10,18,10,13,8,3,1,0.215173,1.321724
314,Kodarma ,JHARKHAND ,36,26,23,21,19,16,26,38,17,12,5,1,0.426489,1.492769
315,Kohima ,NAGALAND ,21,21,20,18,15,13,18,19,9,4,2,1,0.448092,1.642504
316,Kokrajhar ,ASSAM ,30,27,24,24,19,19,29,31,16,9,4,1,0.460842,1.575519
317,Kolar ,KARNATAKA ,37,39,37,34,28,30,46,32,30,22,11,4,0.229251,1.363570
318,Kolasib ,MIZORAM ,6,5,5,5,4,4,6,6,4,2,1,0,0.422786,1.617548
319,Kolhapur ,MAHARASHTRA ,44,45,46,42,38,38,64,39,45,35,16,6,0.291182,1.295745
320,Kolkata ,WEST BENGAL ,1820,2002,2163,2196,2054,2085,3608,1513,2624,1659,828,372,0.395524,1.543142
321,Kollam ,KERALA ,85,78,80,80,78,84,156,77,125,81,41,18,0.155086,1.336702
322,Koppal ,KARNATAKA ,28,27,24,21,17,17,25,26,15,13,5,1,0.267985,1.329087
323,Koraput ,ODISHA ,16,13,12,12,10,10,18,20,11,9,2,0,0.328298,1.443578
324,Korba  ,CHHATTISGARH ,20,18,18,15,13,12,21,19,12,7,3,1,0.390237,1.443730
325,Koriya ,CHHATTISGARH ,11,10,9,8,6,6,11,10,7,4,1,0,0.410991,1.436869
326,Kota ,RAJASTHAN ,39,42,39,33,28,25,40,36,25,16,7,2,0.438840,1.323820
327,Kottayam ,KERALA ,70,62,58,58,60,69,140,62,114,76,43,22,0.167323,1.335549
328,Kozhikode ,KERALA ,113,104,105,104,100,103,184,105,138,91,43,18,0.196505,1.322639
329,Krishna ,ANDHRA PRADESH ,45,50,50,47,40,40,66,39,42,33,14,5,0.282563,1.416161
330,Krishnagiri ,TAMIL NADU ,35,34,34,34,28,29,45,31,29,19,8,3,0.408409,1.544559
331,Kulgam ,JAMMU and KASHMIR ,120,107,100,83,73,66,103,114,65,43,21,8,0.587209,1.309323
332,Kullu ,HIMACHAL PRADESH ,7,7,8,7,6,5,9,6,6,3,1,0,0.557780,1.345810
333,Kupwara ,JAMMU and KASHMIR ,49,34,29,28,24,20,30,53,16,11,5,3,0.593945,1.296154
334,Kurnool ,ANDHRA PRADESH ,25,23,22,20,17,16,25,23,16,12,4,1,0.276277,1.361847
335,Kurukshetra ,Hariyana ,60,66,67,56,46,44,73,55,45,36,15,7,0.524864,1.340590
336,Kurung Kumey ,ARUNACHAL PRADESH ,2,1,1,1,0,0,1,2,0,0,0,0,0.488011,1.632130
337,Kushinagar ,UTTAR PRADESH ,159,133,94,88,80,75,109,166,73,60,25,12,0.466690,1.464435
338,Lahul & Spiti ,HIMACHAL PRADESH ,0,0,0,0,0,0,0,0,0,0,0,0,0.568110,1.354642
339,Lakhimpur ,ASSAM ,52,45,41,41,35,33,49,53,28,18,8,3,0.487795,1.409794
340,Lakhisarai ,BIHAR ,109,74,63,60,55,50,72,119,46,39,15,4,0.439181,1.502572
341,Lakshadweep ,LAKSHADWEEP ,199,187,194,198,181,179,280,180,198,114,44,16,0.196823,1.292295
342,Lalitpur ,UTTAR PRADESH ,31,23,22,19,16,14,21,31,14,10,4,1,0.430943,1.368554
343,Latehar ,JHARKHAND ,24,16,13,12,10,9,15,24,9,7,2,0,0.414387,1.474825
344,Latur ,MAHARASHTRA ,36,35,32,27,23,23,34,33,22,24,11,4,0.321124,1.336208
345,Lawngtlai ,MIZORAM ,5,4,4,4,3,2,3,6,2,1,0,0,0.393267,1.621394
346,Leh,JAMMU and KASHMIR ,0,0,0,0,0,0,0,0,0,0,0,0,0.596073,1.353962
347,Lohardaga ,JHARKHAND ,43,32,24,21,18,18,29,42,19,15,5,1,0.409217,1.478058
348,Lohit ,ARUNACHAL PRADESH ,3,2,2,2,2,1,2,3,1,0,0,0,0.485837,1.679047
349,Longleng ,NAGALAND ,11,9,8,7,6,5,8,11,4,2,1,0,0.462336,1.654881
350,Lower Dibang Valley ,ARUNACHAL PRADESH ,1,1,1,1,0,0,1,1,0,0,0,0,0.492811,1.671964
351,Lower Subansiri ,ARUNACHAL PRADESH ,3,3,2,2,1,1,2,2,1,0,0,0,0.482096,1.640044
352,Lucknow ,UTTAR PRADESH ,198,204,180,153,131,129,199,179,128,89,35,16,0.467626,1.412179
353,Ludhiana ,PUNJAB ,88,95,98,91,78,73,121,83,80,55,24,11,0.539319,1.323926
354,Lunglei ,MIZORAM ,3,3,3,3,2,2,3,3,2,1,0,0,0.399542,1.618702
355,Madhepura ,BIHAR ,149,88,84,83,77,69,100,176,64,49,16,5,0.453354,1.516256
356,Madhubani ,BIHAR ,172,112,97,93,88,81,118,186,78,65,23,7,0.462774,1.479399
357,Madurai ,TAMIL NADU ,70,70,70,75,66,67,112,63,77,52,22,7,0.173422,1.363630
358,Mahamaya Nagar ,UTTAR PRADESH ,112,101,79,61,53,52,78,105,51,37,17,7,0.368592,1.380728
359,Maharajganj ,UTTAR PRADESH ,121,97,71,66,60,57,82,124,55,42,18,8,0.473756,1.458399
360,Mahasamund ,CHHATTISGARH ,23,22,18,16,15,15,26,20,16,13,5,1,0.368499,1.432883
361,Mahbubnagar ,ANDHRA PRADESH ,24,21,20,20,16,15,23,23,15,12,4,1,0.292240,1.361391
362,Mahe ,PUDUCHERRY ,391,354,368,359,371,373,649,363,489,334,161,61,0.204233,1.318380
363,Mahendragarh ,Hariyana ,51,52,48,40,35,33,52,44,34,29,13,7,0.493395,1.329020
364,Mahesana ,GUJARAT ,45,45,44,38,35,32,57,42,38,25,12,4,0.411947,1.263260
365,Mahoba ,UTTAR PRADESH ,35,28,22,20,18,18,27,33,17,14,7,3,0.441449,1.394085
366,Mainpuri ,UTTAR PRADESH ,90,81,61,47,41,41,62,84,41,33,14,6,0.475242,1.379367
367,Malappuram ,KERALA ,119,110,114,102,84,79,129,114,90,59,26,9,0.192722,1.327916
368,Maldah  ,WEST BENGAL ,135,113,100,85,69,71,114,127,71,44,16,6,0.439370,1.496785
369,Malkangiri   ,ODISHA ,12,8,8,8,7,6,11,14,6,5,1,0,0.320648,1.428923
370,Mamit ,MIZORAM ,3,2,2,2,2,1,2,3,1,0,0,0,0.417605,1.614249
371,Mandi ,HIMACHAL PRADESH ,23,23,22,21,20,19,30,21,22,14,7,4,0.553411,1.342703
372,Mandla ,MADHYA PRADESH ,19,18,16,14,12,13,22,19,13,9,3,1,0.394565,1.402706
373,Mandsaur ,MADHYA PRADESH ,26,24,22,19,18,17,27,25,17,12,6,2,0.420257,1.310188
374,Mandya ,KARNATAKA ,30,32,34,33,27,29,48,26,32,25,12,4,0.218518,1.341997
375,Mansa ,PUNJAB ,34,36,34,28,25,24,41,29,24,25,10,5,0.523510,1.315977
376,Mathura ,UTTAR PRADESH ,96,85,68,52,45,45,69,92,44,31,14,6,0.343151,1.480537
377,Mau ,UTTAR PRADESH ,171,153,106,86,77,76,118,174,80,65,30,12,0.452645,1.458506
378,Mayurbhanj ,ODISHA ,27,22,20,19,16,16,29,27,19,13,5,1,0.382100,1.508162
379,Medak ,ANDHRA PRADESH ,33,30,30,29,23,23,33,29,21,19,8,2,0.314932,1.365934
380,Meerut ,UTTAR PRADESH ,159,160,136,106,87,84,132,147,84,55,24,12,0.505800,1.356111
381,Mewat  ,Hariyana ,106,78,62,46,37,34,51,115,30,27,10,4,0.488879,1.344888
382,Mirzapur ,UTTAR PRADESH ,73,60,49,42,38,35,51,73,33,27,12,5,0.438745,1.441110
383,Moga ,PUNJAB ,41,44,43,38,32,30,52,37,35,31,13,6,0.537876,1.312030
384,Mokokchung ,NAGALAND ,13,12,11,10,10,8,14,11,8,5,3,1,0.459440,1.649706
385,Mon ,NAGALAND ,19,17,13,10,8,7,13,18,8,4,1,0,0.466628,1.659082
386,Moradabad ,UTTAR PRADESH ,176,159,117,89,79,76,110,167,66,48,17,8,0.503308,1.374535
387,Morena ,MADHYA PRADESH ,50,44,37,31,27,25,37,46,23,16,8,3,0.462562,1.361385
388,Morigaon ,ASSAM ,73,59,54,53,43,40,60,80,36,23,11,5,0.457946,1.609701
389,Muktsar ,PUNJAB ,33,35,34,30,27,24,41,30,25,22,9,4,0.531819,1.300611
390,Mumbai ,MAHARASHTRA ,1469,1691,2128,2071,1738,1598,2609,1326,1812,1108,544,249,0.333909,1.272195
391,Mumbai Suburban ,MAHARASHTRA ,1721,1871,2240,2208,1876,1714,2714,1572,1811,1070,466,184,0.333909,1.272195
392,Munger ,BIHAR ,123,92,80,75,67,61,93,125,60,47,18,6,0.442942,1.509204
393,Murshidabad  ,WEST BENGAL ,158,147,132,107,88,89,144,145,92,59,24,9,0.421878,1.540808
394,Muzaffarnagar ,UTTAR PRADESH ,135,125,97,73,64,64,99,126,61,44,20,9,0.514276,1.356259
395,Muzaffarpur ,BIHAR ,196,138,118,111,104,96,139,205,92,85,31,10,0.455925,1.490346
396,Mysore ,KARNATAKA ,41,44,48,45,36,39,61,36,39,28,13,5,0.215019,1.337359
397,Nabarangapur  ,ODISHA ,26,19,18,18,15,15,24,30,15,11,4,1,0.335597,1.440670
398,Nadia  ,WEST BENGAL ,125,128,128,116,97,104,175,106,114,71,36,15,0.408495,1.542186
399,Nagaon ,ASSAM ,84,68,64,61,50,48,72,87,44,28,13,6,0.292468,1.296694
400,Nagapattinam   ,TAMIL NADU ,57,58,56,55,47,47,85,49,59,40,18,6,0.188336,1.393475
401,Nagaur ,RAJASTHAN ,23,20,17,14,12,11,18,22,11,8,4,1,0.474771,1.286895
402,Nagpur ,MAHARASHTRA ,41,43,47,44,39,37,60,36,38,26,12,4,0.369114,1.380523
403,Nainital ,UTTARAKHAND ,24,24,22,19,16,15,24,22,16,11,4,2,0.512990,1.386658
404,Nalanda ,BIHAR ,159,109,95,91,84,75,112,174,72,64,25,8,0.440094,1.491032
405,Nalbari ,ASSAM ,77,71,69,68,58,57,85,71,52,36,17,5,0.489396,1.277562
406,Nalgonda ,ANDHRA PRADESH ,25,24,24,22,18,18,26,21,18,16,7,2,0.297534,1.383604
407,Namakkal    ,TAMIL NADU ,41,48,41,42,38,39,71,34,52,38,18,6,0.195876,1.364321
408,Nanded ,MAHARASHTRA ,35,33,31,26,23,21,31,32,20,19,8,3,0.334528,1.349347
409,Nandurbar ,MAHARASHTRA ,33,29,25,21,18,17,29,31,18,13,6,1,0.373008,1.295863
410,Narayanpur ,CHHATTISGARH ,3,2,2,2,2,2,3,4,1,0,0,0,0.311695,1.343443
411,Narmada ,GUJARAT ,24,20,18,15,15,15,25,21,16,10,4,1,0.379668,1.285482
412,Narsimhapur ,MADHYA PRADESH ,22,20,19,17,15,15,25,20,15,11,5,2,0.400577,1.382040
413,Nashik ,MAHARASHTRA ,40,38,39,35,30,27,42,38,27,20,9,3,0.348765,1.287309
414,Navsari   ,GUJARAT ,52,54,54,50,47,45,80,45,57,35,16,6,0.365584,1.272827
415,Nawada ,BIHAR ,120,84,71,66,59,53,81,132,51,40,16,6,0.434422,1.492942
416,Nayagarh   ,ODISHA ,24,21,21,21,18,18,29,21,21,17,8,3,0.351310,1.485199
417,Neemuch  ,MADHYA PRADESH ,20,19,18,15,15,14,22,19,14,9,4,1,0.427194,1.306596
418,New Delhi ,Delhi,351,404,474,401,317,314,622,295,418,118,54,30,0.498417,1.346760
419,Nicobars ,ANDAMAN and NICOBAR ,1,1,1,2,1,1,2,1,1,0,0,0,0.187534,1.614430
420,Nizamabad ,ANDHRA PRADESH ,33,30,30,28,24,24,36,28,23,20,8,3,0.325816,1.363011
421,North ,Delhi,1410,1450,1522,1455,1260,1159,1785,1307,1068,635,239,97,0.501691,1.347417
422,North & Middle Andaman ,ANDAMAN and NICOBAR ,2,2,2,2,2,2,3,2,2,1,0,0,0.230629,1.622170
423,North District ,SIKKIM ,1,1,1,1,0,0,1,0,0,0,0,0,0.484119,1.545312
424,North East ,Delhi,3975,4035,3959,3442,2852,2614,3904,3716,2158,1459,475,175,0.501002,1.348611
425,North Goa ,GOA ,34,35,41,42,41,41,66,32,46,33,15,5,0.271134,1.290329
426,North Tripura ,TRIPURA ,35,33,34,30,25,24,38,34,24,14,7,3,0.421024,1.609089
427,North Twenty Four Parganas ,WEST BENGAL ,214,226,234,221,192,199,333,186,226,141,68,33,0.396364,1.548297
428,North West ,Delhi,846,846,864,792,677,633,977,783,577,371,136,50,0.502142,1.345466
429,Nuapada ,ODISHA ,17,13,12,11,10,10,18,16,12,11,4,1,0.349867,1.443690
430,Osmanabad ,MAHARASHTRA ,22,21,20,17,14,14,22,19,15,17,9,3,0.317461,1.327066
431,Pakur ,JHARKHAND ,62,42,41,39,34,30,48,70,30,19,5,1,0.429961,1.533223
432,Palakkad ,KERALA ,54,50,54,54,47,48,83,48,61,43,22,8,0.188128,1.337921
433,Palamu ,JHARKHAND ,61,42,35,33,30,26,39,60,26,22,9,3,0.422623,1.469546
434,Pali ,RAJASTHAN ,20,17,13,10,10,9,17,18,12,8,4,1,0.449785,1.279708
435,Palwal  ,Hariyana ,98,87,73,58,47,45,71,94,42,33,15,7,0.491180,1.349667
436,Panchkula ,Hariyana ,59,57,60,59,52,48,74,56,47,34,15,6,0.535638,1.341305
437,Panchmahal ,GUJARAT ,51,44,40,35,33,30,50,49,34,22,9,3,0.499632,1.349313
438,Panipat ,Hariyana ,103,103,99,85,70,65,99,98,60,43,18,9,0.512902,1.343441
439,Panna ,MADHYA PRADESH ,18,14,11,10,9,9,14,17,8,7,3,1,0.431326,1.399443
440,Papum Pare ,ARUNACHAL PRADESH ,6,6,5,5,3,3,5,5,2,0,0,0,0.473991,1.632243
441,Parbhani ,MAHARASHTRA ,32,30,27,23,20,19,29,30,19,19,8,3,0.336272,1.340076
442,Paschim Medinipur ,WEST BENGAL ,62,61,59,55,47,49,80,56,51,32,15,6,0.390751,1.523267
443,Pashchim Champaran ,BIHAR ,100,63,53,54,52,48,68,117,43,36,11,3,0.473175,1.472157
444,Pashchimi Singhbhum ,JHARKHAND ,26,20,18,16,13,13,22,26,13,9,2,0,0.392104,1.491852
445,Patan   ,GUJARAT ,25,23,21,18,17,15,26,24,17,11,5,2,0.416278,1.258895
446,Pathanamthitta ,KERALA ,33,31,31,29,29,32,68,28,59,42,24,12,0.161721,1.340150
447,Patiala ,PUNJAB ,51,57,59,52,44,41,69,48,44,34,14,6,0.529576,1.333312
448,Patna ,BIHAR ,226,179,153,144,132,119,179,232,114,88,36,14,0.446876,1.485046
449,Perambalur   ,TAMIL NADU ,30,30,27,27,23,24,41,26,30,22,9,3,0.196230,1.376551
450,Peren ,NAGALAND ,7,6,5,5,4,3,5,7,2,1,0,0,0.445031,1.633957
451,Phek ,NAGALAND ,10,8,7,6,6,5,7,10,4,2,1,0,0.447968,1.649336
452,Pilibhit ,UTTAR PRADESH ,76,68,49,40,36,35,50,68,30,25,8,4,0.499620,1.392967
453,Pithoragarh ,UTTARAKHAND ,7,6,5,5,4,4,7,6,5,4,2,0,0.516367,1.400308
454,Porbandar  ,GUJARAT ,25,24,22,20,19,18,32,23,21,14,6,3,0.377690,1.215066
455,Prakasam ,ANDHRA PRADESH ,18,17,18,17,14,14,22,17,15,13,5,1,0.271717,1.384782
456,Pratapgarh ,RAJASTHAN ,23,19,17,14,13,12,19,25,12,8,3,1,0.455280,1.451934
457,Pratapgarh ,UTTAR PRADESH ,116,105,70,59,54,53,81,108,55,45,21,9,0.455280,1.451934
458,Puducherry ,PUDUCHERRY ,268,259,280,309,293,283,442,251,288,183,92,35,0.191009,1.392705
459,Pudukkottai ,TAMIL NADU ,31,30,29,30,27,27,45,29,31,22,9,3,0.181124,1.375539
460,Pulwama ,JAMMU and KASHMIR ,51,50,50,45,38,33,54,50,34,23,11,4,0.591214,1.307244
461,Punch ,JAMMU and KASHMIR ,35,27,23,23,20,17,27,35,16,10,5,3,0.589392,1.293151
462,Pune ,MAHARASHTRA ,50,52,65,63,52,45,69,48,46,32,15,6,0.322582,1.289061
463,Purba Champaran ,BIHAR ,172,106,92,93,87,80,114,201,75,61,20,6,0.464404,1.482697
464,Purba Medinipur ,WEST BENGAL ,107,110,107,98,82,82,128,95,84,55,27,11,0.383172,1.532444
465,Purbi Singhbhum ,JHARKHAND ,63,60,60,58,51,48,77,62,50,34,13,4,0.393166,1.508996
466,Puri ,ODISHA ,46,44,46,43,37,37,62,39,41,30,16,6,0.345804,1.498104
467,Purnia ,BIHAR ,136,90,77,72,65,60,89,153,56,41,13,4,0.449868,1.526767
468,Puruliya ,WEST BENGAL ,50,44,40,38,33,34,54,49,36,26,10,3,0.407163,1.507392
469,Rae Bareli ,UTTAR PRADESH ,96,89,63,52,48,47,72,88,46,39,16,6,0.457637,1.418063
470,Raichur ,KARNATAKA ,25,25,22,20,15,15,23,24,14,10,4,1,0.282807,1.350065
472,Raigad ,MAHARASHTRA ,34,33,35,34,30,28,45,30,30,20,9,3,0.323162,1.277270
471,Raigarh ,CHHATTISGARH ,22,20,19,16,15,15,25,20,15,12,5,1,0.382182,1.455517
473,Raipur ,CHHATTISGARH ,37,34,31,27,24,23,36,34,21,15,6,2,0.370534,1.425121
474,Raisen ,MADHYA PRADESH ,19,16,14,12,11,10,15,18,9,6,3,1,0.407216,1.357560
475,Rajgarh ,MADHYA PRADESH ,30,24,22,18,17,16,25,29,15,14,7,3,0.419017,1.339154
476,Rajkot ,GUJARAT ,32,32,32,31,27,24,42,29,28,17,8,4,0.388909,1.235581
477,Rajnandgaon ,CHHATTISGARH ,21,19,17,14,13,13,22,19,13,9,4,1,0.368149,1.414190
478,Rajouri ,JAMMU and KASHMIR ,28,23,21,21,18,15,24,29,14,9,5,2,0.582511,1.296926
479,Rajsamand ,RAJASTHAN ,29,24,21,17,16,16,26,28,18,13,7,2,0.437353,1.289555
480,Ramanagara ,KARNATAKA ,26,28,30,28,22,23,38,22,26,22,10,4,0.222016,1.348840
481,Ramanathapuram ,TAMIL NADU ,30,30,30,30,26,26,42,26,29,21,8,2,0.163454,1.376225
482,Ramban ,JAMMU and KASHMIR ,27,21,18,16,14,12,18,28,11,7,3,1,0.580161,1.313145
483,Ramgarh ,JHARKHAND ,89,80,66,59,50,47,73,80,48,29,10,3,0.412207,1.492670
484,Rampur ,UTTAR PRADESH ,141,131,90,66,60,59,87,129,50,39,13,6,0.502461,1.379293
485,Ranchi ,JHARKHAND ,66,60,51,48,41,39,61,62,39,27,10,3,0.407841,1.488737
486,Rangareddy ,ANDHRA PRADESH ,64,63,71,74,61,55,77,61,47,32,12,5,0.302232,1.360064
487,Ratlam ,MADHYA PRADESH ,34,29,27,23,21,20,33,34,20,14,6,2,0.407209,1.309647
488,Ratnagiri ,MAHARASHTRA ,19,18,14,13,13,14,25,15,18,16,9,3,0.296557,1.279536
489,Rayagada   ,ODISHA ,15,12,11,10,9,9,15,17,9,7,2,0,0.334593,1.455845
490,Reasi ,JAMMU and KASHMIR ,23,17,16,15,12,11,17,22,10,6,3,2,0.577375,1.306072
491,Rewa ,MADHYA PRADESH ,47,40,33,28,24,23,36,43,22,20,10,4,0.428457,1.419371
492,Rewari ,Hariyana ,57,57,57,50,43,39,61,52,40,32,13,7,0.492087,1.337253
493,Ribhoi ,MEGHALAYA ,14,11,9,8,6,6,8,14,4,2,1,0,0.452601,1.606864
494,Rohtak ,Hariyana ,60,64,61,53,44,41,68,55,47,35,16,7,0.504343,1.337102
495,Rohtas ,BIHAR ,101,71,60,57,53,48,71,106,45,38,15,5,0.429842,1.464612
496,Rudraprayag ,UTTARAKHAND ,14,13,10,9,7,7,12,12,9,8,3,1,0.532912,1.379517
497,Rupnagar ,PUNJAB ,46,51,49,42,37,35,63,41,42,30,15,8,0.540440,1.335541
498,SabarKantha ,GUJARAT ,35,31,28,26,24,22,38,33,26,16,7,2,0.412417,1.274125
499,Sagar ,MADHYA PRADESH ,27,23,22,19,16,15,23,26,14,11,5,1,0.416019,1.374383
500,Saharanpur ,UTTAR PRADESH ,119,116,93,69,59,58,91,108,54,38,17,8,0.523027,1.353386
501,Saharsa ,BIHAR ,149,89,87,84,77,68,100,174,64,50,17,6,0.451750,1.511492
502,Sahibganj ,JHARKHAND ,71,49,44,42,37,35,53,79,33,23,7,2,0.440467,1.529704
503,Sahibzada Ajit Singh Nagar ,PUNJAB ,80,84,89,86,77,70,109,78,71,52,22,9,0.539038,1.324179
504,Saiha ,MIZORAM ,4,4,4,3,2,2,3,4,2,1,0,0,0.392556,1.622832
505,Salem ,TAMIL NADU ,58,57,58,59,51,53,91,51,63,44,20,7,0.203298,1.362414
506,Samastipur ,BIHAR ,201,127,117,108,99,87,127,210,87,73,26,8,0.451357,1.497110
507,Samba ,JAMMU and KASHMIR ,33,34,33,32,28,26,43,32,26,17,9,5,0.568293,1.311062
508,Sambalpur ,ODISHA ,15,15,15,13,11,11,19,13,13,9,4,1,0.441006,1.536153
509,Sangli ,MAHARASHTRA ,30,29,30,26,23,23,40,26,29,23,12,5,0.294209,1.302112
510,Sangrur ,PUNJAB ,42,47,46,39,33,31,55,38,35,29,13,7,0.527934,1.323718
511,Sant Kabir Nagar ,UTTAR PRADESH ,142,118,84,71,64,61,87,143,61,58,22,8,0.468894,1.448895
512,Sant Ravidas Nagar ,UTTAR PRADESH ,210,180,137,115,101,91,133,205,87,73,31,13,0.442415,1.439340
513,Saraikela-Kharsawan ,JHARKHAND ,44,38,35,33,28,27,43,45,27,22,7,2,0.396173,1.499788
514,Saran ,BIHAR ,206,152,111,103,96,90,133,210,89,83,35,12,0.451963,1.480005
515,Satara ,MAHARASHTRA ,25,25,25,23,20,20,35,22,26,21,11,4,0.308703,1.291824
516,Satna ,MADHYA PRADESH ,36,31,26,22,20,19,31,34,18,14,7,2,0.428938,1.411053
517,Sawai Madhopur ,RAJASTHAN ,37,32,28,23,20,18,29,34,18,13,6,2,0.454135,1.332670
518,Sehore ,MADHYA PRADESH ,24,21,18,15,13,12,20,23,11,8,5,2,0.405031,1.345392
519,Senapati ,MANIPUR ,18,18,16,13,10,8,14,16,9,4,1,0,0.442378,1.642614
520,Seoni ,MADHYA PRADESH ,17,16,14,12,11,11,18,16,11,7,3,1,0.385547,1.388422
521,Serchhip ,MIZORAM ,4,4,4,4,3,2,4,4,3,1,0,0,0.406542,1.620482
522,Shahdol ,MADHYA PRADESH ,20,16,16,13,12,11,19,18,11,8,3,1,0.406671,1.420064
523,Shahid Bhagat Singh Nagar  ,PUNJAB ,42,47,46,39,34,33,59,38,42,32,16,8,0.439165,1.414747
524,Shahjahanpur ,UTTAR PRADESH ,93,77,57,49,44,43,60,92,37,31,10,4,0.486573,1.394662
525,Shajapur ,MADHYA PRADESH ,28,24,21,18,17,16,25,28,15,12,6,3,0.408836,1.331271
526,Sheikhpura ,BIHAR ,125,82,70,66,61,56,81,138,52,46,18,6,0.438787,1.498249
527,Sheohar ,BIHAR ,251,159,137,131,123,114,162,280,107,110,38,11,0.462755,1.488651
528,Sheopur  ,MADHYA PRADESH ,13,10,9,8,7,6,9,13,5,4,1,0,0.448041,1.338587
529,Shimla ,HIMACHAL PRADESH ,14,14,16,14,13,12,21,12,14,8,4,1,0.542852,1.346896
530,Shimoga ,KARNATAKA ,19,19,19,18,15,16,28,16,18,12,5,2,0.243279,1.318830
531,Shivpuri ,MADHYA PRADESH ,21,17,15,13,11,10,15,21,10,7,3,1,0.443695,1.355311
532,Shrawasti ,UTTAR PRADESH ,86,62,54,52,46,42,60,99,38,30,13,5,0.480096,1.431252
533,Shupiyan ,JAMMU and KASHMIR ,101,100,85,69,58,53,82,94,53,34,17,7,0.588477,1.306102
534,Siddharthnagar ,UTTAR PRADESH ,119,92,67,60,52,49,71,132,50,48,18,7,0.475792,1.447018
535,Sidhi ,MADHYA PRADESH ,30,23,20,16,15,14,22,30,13,10,5,1,0.426022,1.429082
536,Sikar ,RAJASTHAN ,42,40,35,26,22,21,34,37,22,15,8,3,0.481726,1.311675
537,Simdega ,JHARKHAND ,19,15,12,11,10,10,17,18,11,9,3,0,0.394708,1.474779
538,Sindhudurg ,MAHARASHTRA ,14,14,12,11,11,12,22,11,16,14,8,2,0.283181,1.285576
539,Singrauli ,MADHYA PRADESH ,28,21,18,14,13,13,19,27,11,8,3,1,0.422279,1.442938
540,Sirmaur ,HIMACHAL PRADESH ,19,19,18,16,14,13,21,18,14,8,4,1,0.433475,1.420082
541,Sirohi ,RAJASTHAN ,25,21,17,14,13,13,21,25,13,8,3,1,0.434343,1.271636
542,Sirsa ,Hariyana ,31,33,30,26,22,21,34,27,20,17,7,3,0.515522,1.309628
543,Sitamarhi ,BIHAR ,200,127,111,105,99,90,132,222,86,75,25,8,0.464074,1.492421
544,Sitapur ,UTTAR PRADESH ,104,83,63,56,52,50,70,104,42,37,15,6,0.481302,1.407975
545,Sivaganga ,TAMIL NADU ,27,27,26,27,25,25,41,25,30,22,9,3,0.172012,1.369864
546,Sivasagar ,ASSAM ,43,41,40,40,34,34,54,41,32,20,8,3,0.471065,1.651603
547,Siwan ,BIHAR ,209,158,112,103,96,91,133,207,90,86,35,12,0.457737,1.472384
548,Solan ,HIMACHAL PRADESH ,27,27,31,28,25,24,35,26,22,13,6,3,0.539430,1.345695
549,Solapur ,MAHARASHTRA ,29,28,28,23,20,19,32,26,22,18,9,3,0.308269,1.325013
550,Sonbhadra ,UTTAR PRADESH ,35,27,22,20,18,17,25,36,15,11,5,2,0.430895,1.449737
551,Sonipat ,Hariyana ,70,73,70,60,49,46,73,65,48,36,16,8,0.506050,1.344356
552,Sonitpur ,ASSAM ,40,35,34,33,27,26,41,41,25,15,6,2,0.467433,1.613541
553,South ,Delhi,1102,1100,1166,1111,965,895,1318,1032,747,434,179,78,0.497934,1.348216
554,South Andaman ,ANDAMAN and NICOBAR ,7,7,9,10,8,7,12,7,7,3,1,0,0.205470,1.616570
555,South District ,SIKKIM ,22,21,21,18,15,13,20,19,13,8,4,1,0.497934,1.348216
556,South Garo Hills ,MEGHALAYA ,9,8,6,6,4,4,7,9,3,2,0,0,0.441512,1.581012
557,South Goa ,GOA ,25,26,29,29,27,27,44,25,31,22,9,3,0.263969,1.293609
558,South Tripura  ,TRIPURA ,29,27,28,26,21,21,33,27,21,12,6,3,0.408447,1.598979
559,South Twenty Four Parganas ,WEST BENGAL ,84,84,82,75,61,60,93,79,59,38,17,8,0.386358,1.545602
560,South West ,Delhi,506,506,577,575,501,449,672,473,388,224,84,36,0.498833,1.343521
561,Sri Potti Sriramulu Nellore ,ANDHRA PRADESH ,20,23,21,20,17,17,28,18,19,14,5,1,0.252126,1.391786
562,Srikakulam ,ANDHRA PRADESH ,44,43,42,39,35,35,57,39,38,35,12,3,0.319344,1.464376
563,Srinagar ,JAMMU and KASHMIR ,56,59,61,61,51,49,76,54,46,29,14,5,0.594910,1.305510
564,Subarnapur ,ODISHA ,26,27,24,21,18,18,29,22,20,17,7,2,0.363711,1.464423
565,Sultanpur ,UTTAR PRADESH ,113,100,71,60,54,53,78,107,53,47,20,8,0.458178,1.432451
566,Sundargarh ,ODISHA ,22,20,20,18,16,16,26,21,16,10,4,1,0.386087,1.466782
567,Supaul ,BIHAR ,125,72,67,69,63,57,82,141,53,41,14,5,0.455883,1.511424
568,Surat ,GUJARAT ,117,128,157,147,123,104,153,117,86,45,18,8,0.369784,1.271465
569,Surendranagar ,GUJARAT ,18,17,15,13,12,11,18,17,12,8,4,1,0.396702,1.250366
570,Surguja ,CHHATTISGARH ,17,14,13,11,10,9,15,18,10,7,3,1,0.409237,1.452191
571,Tamenglong  ,MANIPUR ,3,3,3,3,2,2,3,3,1,1,0,0,0.436619,1.631629
572,Tapi ,GUJARAT ,24,23,23,21,19,19,35,21,23,14,5,1,0.367370,1.281148
573,Tarn Taran ,PUNJAB ,48,51,44,37,32,32,52,44,32,27,12,6,0.549023,1.307806
574,Tawang ,ARUNACHAL PRADESH ,2,2,2,2,2,1,2,2,1,0,0,0,0.481260,1.604383
575,Tehri Garhwal ,UTTARAKHAND ,20,18,14,12,10,10,17,18,12,10,5,1,0.530224,1.369498
576,Thane ,MAHARASHTRA ,104,102,120,121,103,93,141,102,88,49,19,7,0.335051,1.273698
577,Thanjavur ,TAMIL NADU ,62,63,60,60,54,55,99,54,70,47,21,7,0.187861,1.380983
578,The Dangs ,GUJARAT ,16,11,11,9,8,7,13,17,9,4,1,0,0.362955,1.285882
579,The Nilgiris ,TAMIL NADU ,25,23,24,24,23,23,43,20,30,18,7,2,0.199869,1.338323
580,Theni   ,TAMIL NADU ,39,38,37,39,33,35,60,32,41,29,12,4,0.175095,1.352387
581,Thiruvallur ,TAMIL NADU ,90,91,103,111,97,95,147,84,96,59,24,8,0.229175,1.394816
582,Thiruvananthapuram ,KERALA ,120,116,121,118,112,117,222,103,178,117,56,22,0.148134,1.343081
583,Thiruvarur ,TAMIL NADU ,48,50,49,48,42,44,78,41,54,36,16,5,0.187999,1.389772
584,Thoothukkudi ,TAMIL NADU ,32,32,31,32,28,27,48,30,34,25,12,4,0.153750,1.363757
585,Thoubal ,MANIPUR ,93,76,74,74,62,57,88,91,60,35,16,7,0.430028,1.640546
586,Thrissur ,KERALA ,82,79,79,74,71,80,156,74,120,79,43,18,0.183686,1.330650
587,Tikamgarh ,MADHYA PRADESH ,35,28,25,22,20,18,28,35,17,13,6,2,0.432077,1.375847
588,Tinsukia ,ASSAM ,38,35,34,32,27,25,40,37,23,14,5,2,0.479773,1.664157
589,Tirap ,ARUNACHAL PRADESH ,6,4,3,3,2,2,4,6,3,1,0,0,0.470409,1.665692
590,Tiruchirappalli ,TAMIL NADU ,51,52,52,53,46,46,83,46,60,41,18,6,0.188466,1.373434
591,Tirunelveli  ,TAMIL NADU ,40,40,39,40,35,34,60,37,44,31,15,5,0.151985,1.356846
592,Tiruppur ,TAMIL NADU ,36,37,40,45,41,42,69,33,46,31,14,5,0.194192,1.349708
593,Tiruvannamalai ,TAMIL NADU ,34,36,37,37,30,30,49,32,35,25,12,4,0.213579,1.379819
594,Tonk ,RAJASTHAN ,24,22,19,15,13,12,20,21,13,9,4,1,0.456659,1.322771
595,Tuensang ,NAGALAND ,10,8,7,5,5,4,6,10,3,2,0,0,0.458011,1.654829
596,Tumkur ,KARNATAKA ,22,23,23,22,18,19,33,18,23,18,8,3,0.232699,1.345794
597,Udaipur ,RAJASTHAN ,29,25,22,20,18,17,27,31,17,12,6,2,0.429211,1.286483
598,Udalguri ,ASSAM ,46,41,39,38,31,31,47,45,28,16,7,2,0.466774,1.607428
599,Udham Singh Nagar ,UTTARAKHAND ,79,79,66,52,45,43,65,71,38,28,10,5,0.505389,1.389840
600,Udhampur ,JAMMU and KASHMIR ,23,20,20,19,16,14,21,23,13,8,4,1,0.574693,1.311392
601,Udupi ,KARNATAKA ,25,28,31,29,25,25,44,21,33,25,12,5,0.232873,1.304587
602,Ujjain ,MADHYA PRADESH ,35,31,30,26,24,22,36,34,23,16,8,3,0.404534,1.322828
603,Ukhrul ,MANIPUR ,4,4,4,3,2,2,4,4,2,1,0,0,0.438419,1.646965
604,Umaria ,MADHYA PRADESH ,19,15,14,12,11,10,17,19,9,6,2,0,0.410608,1.410886
605,Una ,HIMACHAL PRADESH ,31,32,30,27,25,25,41,29,29,20,11,6,0.363414,1.239890
606,Unnao ,UTTAR PRADESH ,86,80,59,46,43,44,67,79,41,36,14,6,0.463081,1.404664
607,Upper Siang ,ARUNACHAL PRADESH ,0,0,0,0,0,0,0,0,0,0,0,0,0.503631,1.657685
608,Upper Subansiri ,ARUNACHAL PRADESH ,1,1,1,0,0,0,1,1,0,0,0,0,0.492153,1.642771
609,Uttar Dinajpur ,WEST BENGAL ,126,99,83,71,61,62,100,124,62,39,14,5,0.447535,1.539598
610,Uttara Kannada ,KARNATAKA ,12,12,13,12,10,10,18,10,13,8,3,1,0.258162,1.303756
611,Uttarkashi ,UTTARAKHAND ,5,4,3,3,2,2,4,4,2,2,0,0,0.536307,1.369062
612,Vadodara ,GUJARAT ,52,48,49,47,44,41,71,49,50,30,12,4,0.389375,1.277118
613,Vaishali ,BIHAR ,223,153,138,127,117,105,150,225,97,90,36,14,0.445438,1.483390
614,Valsad ,GUJARAT ,55,50,53,49,46,44,70,53,44,26,11,4,0.359670,1.272787
615,Varanasi ,UTTAR PRADESH ,295,279,225,186,164,155,237,274,156,116,51,22,0.441222,1.447620
616,Vellore ,TAMIL NADU ,57,61,62,59,50,50,82,52,56,38,17,6,0.225195,1.381074
617,Vidisha ,MADHYA PRADESH ,24,19,17,15,14,12,18,25,11,9,4,2,0.410510,1.358130
618,Viluppuram ,TAMIL NADU ,44,44,45,45,36,36,58,41,40,28,13,4,0.208508,1.387466
619,Virudhunagar ,TAMIL NADU ,40,40,40,41,36,36,62,36,41,30,13,4,0.167328,1.360689
620,Visakhapatnam ,ANDHRA PRADESH ,36,34,36,36,31,31,49,32,30,23,7,2,0.308567,1.452099
621,Vizianagaram ,ANDHRA PRADESH ,33,32,31,30,27,28,46,30,31,27,8,2,0.316168,1.455815
622,Warangal ,ANDHRA PRADESH ,29,27,25,24,20,21,31,22,21,19,8,3,0.314073,1.388655
623,Wardha ,MAHARASHTRA ,18,18,19,17,16,15,26,15,17,14,7,2,0.362222,1.371886
624,Washim ,MAHARASHTRA ,26,24,22,20,17,17,26,23,17,15,7,2,0.350970,1.346312
625,Wayanad ,KERALA ,36,30,31,32,30,31,53,32,37,22,9,4,0.203964,1.328073
626,West ,Delhi,1810,1835,1978,1925,1679,1555,2399,1689,1529,1024,430,160,0.500045,1.345020
627,West District ,SIKKIM ,14,13,12,11,8,7,11,12,8,5,2,0,0.477218,1.539052
628,West Garo Hills ,MEGHALAYA ,22,19,16,14,10,10,17,22,10,5,2,0,0.447685,1.574520
629,West Godavari ,ANDHRA PRADESH ,45,48,50,46,39,40,65,39,41,36,15,4,0.291726,1.415394
630,West Kameng ,ARUNACHAL PRADESH ,1,1,1,1,0,0,1,1,0,0,0,0,0.476988,1.612729
631,West Khasi Hills ,MEGHALAYA ,10,7,6,5,4,3,5,10,3,1,0,0,0.447685,1.574520
632,West Siang ,ARUNACHAL PRADESH ,1,1,1,1,1,0,1,1,0,0,0,0,0.492505,1.651837
633,West Tripura  ,TRIPURA ,51,55,58,55,46,45,74,47,47,27,13,6,0.415746,1.595445
634,Wokha ,NAGALAND ,12,13,11,9,7,6,10,10,6,3,1,0,0.455498,1.645087
635,Yadgir ,KARNATAKA ,26,23,19,17,14,14,21,27,14,11,4,1,0.292489,1.346370
636,Yamunanagar ,Hariyana ,67,72,71,61,51,48,79,61,50,38,16,7,0.526085,1.349057
637,Yanam ,PUDUCHERRY ,191,184,188,190,159,148,200,169,129,103,36,10,0.292027,1.434834
638,Yavatmal ,MAHARASHTRA ,21,20,19,17,15,14,23,17,15,12,5,1,0.355774,1.363412
639,YSR ,ANDHRA PRADESH ,17,17,17,16,14,14,22,17,15,12,4,1,0.298052,1.425330
640,Zunheboto ,NAGALAND ,14,13,11,9,8,6,10,13,6,4,1,0,0.453204,1.649627